claim_id,policy_id,customer_id,policy_type,region,provider_id,customer_age,policy_start_date,incident_date,claim_date,settlement_date,incident_type,claim_status,rejection_reason,premium_amount,claim_amount,approved_amount,previous_claims,duplicate_claim_id_flag,missing_policy_flag,missing_customer_flag,missing_provider_flag,invalid_claim_amount_flag,invalid_premium_flag,approval_exceeds_claim_flag,settlement_before_claim_flag,incident_before_policy_flag,claim_before_incident_flag,missing_rejection_reason_flag,missing_settlement_date_flag,invalid_age_flag,dq_issue_count,dq_exception_flag
CLM100004,POL11732,CUS22704,Motor,North,,48,2024-03-08,2024-03-23,2024-04-03,,Collision,Rejected,Policy Exclusion,4654.34,34065.27,0.0,1,False,False,False,True,False,False,False,False,False,False,False,False,False,1,True
CLM100047,,CUS22191,Home,Central,PRV-22,40,2025-02-19,2025-06-29,2025-06-29,2025-08-17,Fire,Settled,,23369.81,132029.47,119319.8,0,False,True,False,False,False,False,False,False,False,False,False,False,False,1,True
CLM100066,POL13622,CUS21843,Health,Central,PRV-26,72,2025-09-10,2026-02-20,2026-02-25,,Hospitalization,Approved,,1477.47,-23231.86,12998.42,1,False,False,False,False,True,False,True,False,False,False,False,False,False,2,True
CLM100076,POL11320,CUS21154,Health,South,PRV-24,52,2025-02-04,2025-07-28,2025-08-08,,Hospitalization,Rejected,,17466.21,116765.22,0.0,0,False,False,False,False,False,False,False,False,False,False,True,False,False,1,True
CLM100143,POL11634,CUS21951,Travel,Central,PRV-17,53,2025-07-04,2025-08-27,2025-09-07,2025-09-29,Delay,Settled,,1044.73,6411.49,6867.275073219449,0,False,False,False,False,False,False,True,False,False,False,False,False,False,1,True
CLM100174,POL12787,CUS20716,Motor,Central,,74,2024-09-04,2025-05-11,2025-05-22,,Theft,Approved,,3894.3,27151.24,22812.77,2,False,False,False,True,False,False,False,False,False,False,False,False,False,1,True
CLM100193,,CUS20310,Health,East,PRV-20,44,2025-03-17,2025-04-02,2025-04-12,,Emergency,Pending,,23620.92,133550.21,0.0,0,False,True,False,False,False,False,False,False,False,False,False,False,False,1,True
CLM100255,,CUS21199,Home,Central,PRV-28,73,2024-04-24,2025-01-16,2025-01-22,,Water Damage,Approved,,10550.44,257471.95,185021.29,0,False,True,False,False,False,False,False,False,False,False,False,False,False,1,True
CLM100362,POL10893,CUS22039,Motor,West,PRV-24,64,2024-04-04,2024-07-19,2024-07-28,2024-07-19,Glass Damage,Settled,,4276.34,64103.62,40689.84,1,False,False,False,False,False,False,False,True,False,False,False,False,False,1,True
CLM100369,POL13088,CUS20998,Motor,East,PRV-20,70,2025-08-29,2026-02-26,2026-02-27,,Collision,Rejected,,5332.64,30953.82,0.0,3,False,False,False,False,False,False,False,False,False,False,True,False,False,1,True
CLM100435,POL10495,CUS23468,Motor,East,PRV-23,13,2025-04-24,2025-10-10,2025-10-18,2025-12-25,Third Party,Settled,,4066.51,26587.75,19639.81,0,False,False,False,False,False,False,False,False,False,False,False,False,True,1,True
CLM100439,,CUS21947,Motor,South,PRV-10,68,2024-11-06,2025-02-23,2025-03-06,2025-03-19,Collision,Settled,,8349.89,119290.44,71565.06,1,False,True,False,False,False,False,False,False,False,False,False,False,False,1,True
CLM100444,POL12033,,Travel,South,PRV-18,67,2025-02-23,2025-12-04,2025-12-13,2026-02-11,Lost Baggage,Settled,,1992.05,13387.09,12840.88,2,False,False,True,False,False,False,False,False,False,False,False,False,False,1,True
CLM100454,POL12387,,Travel,South,PRV-20,38,2025-04-09,2025-06-23,2025-06-28,,Medical,Rejected,Suspected Misrepresentation,1166.04,20074.6,0.0,0,False,False,True,False,False,False,False,False,False,False,False,False,False,1,True
CLM100488,,CUS23013,Health,West,PRV-24,55,2024-10-22,2025-06-24,2025-06-26,,Emergency,Approved,,8029.85,167637.13,97799.21,0,False,True,False,False,False,False,False,False,False,False,False,False,False,1,True
CLM100497,,CUS21739,Motor,East,PRV-05,41,2024-12-26,2025-06-06,2025-06-06,,Theft,Rejected,Coverage Limit,8571.06,69280.44,0.0,0,False,True,False,False,False,False,False,False,False,False,False,False,False,1,True
CLM100507,POL10991,CUS20282,Health,West,PRV-20,50,2024-05-29,2024-08-13,2024-08-15,,Hospitalization,Rejected,,5188.75,38048.07,0.0,2,False,False,False,False,False,False,False,False,False,False,True,False,False,1,True
CLM100574,POL10028,CUS22497,Motor,East,PRV-07,65,2024-04-07,2024-11-09,2024-11-18,2025-01-19,Glass Damage,Settled,,3673.25,29400.87,17303.04,1,True,False,False,False,False,False,False,False,False,False,False,False,False,1,True
CLM100574,POL11494,CUS21887,Motor,Central,PRV-09,18,2024-04-06,2024-05-31,2024-06-09,2024-07-20,Glass Damage,Settled,,6581.23,85241.86,70394.08,1,True,False,False,False,False,False,False,False,False,False,False,False,False,1,True
CLM100583,POL10207,CUS20262,Health,South,PRV-12,25,2024-02-26,2024-03-11,2024-03-18,,Hospitalization,Rejected,,2596.84,49927.49,0.0,1,False,False,False,False,False,False,False,False,False,False,True,False,False,1,True
CLM100651,POL12610,CUS22586,Health,East,PRV-03,26,2024-07-14,2025-04-08,2025-04-17,2025-06-07,Emergency,Settled,,0.0,28538.73,18605.16,0,False,False,False,False,False,True,False,False,False,False,False,False,False,1,True
CLM100674,POL12487,CUS21729,Health,South,,44,2024-12-15,2025-06-06,2025-06-17,2025-08-23,Diagnostic,Settled,,3398.69,96252.78,91506.88,1,False,False,False,True,False,False,False,False,False,False,False,False,False,1,True
CLM100679,,CUS20159,Motor,South,PRV-20,31,2024-12-21,2025-07-25,2025-07-25,2025-07-28,Glass Damage,Settled,,1193.39,18466.06,15537.06,1,False,True,False,False,False,False,False,False,False,False,False,False,False,1,True
CLM100700,,CUS22180,Home,North,PRV-23,53,2024-02-01,2024-09-23,2024-09-27,,Theft,Approved,,30412.53,188150.64,150221.24,0,False,True,False,False,False,False,False,False,False,False,False,False,False,1,True
CLM100787,POL12744,CUS22136,Home,North,PRV-14,33,2024-12-09,2025-02-12,2025-02-19,2025-03-03,Fire,Settled,,22440.82,140791.93,116056.02,0,True,False,False,False,False,False,False,False,False,False,False,False,False,1,True
CLM100787,POL12178,CUS21904,Home,South,PRV-20,41,2024-08-04,2025-03-24,2025-03-25,2025-04-14,Fire,Settled,,6556.7,49597.9,38375.15,0,True,False,False,False,False,False,False,False,False,False,False,False,False,1,True
CLM100796,,CUS23039,Health,South,PRV-08,65,2025-05-17,2025-07-09,2025-07-15,2025-08-10,Hospitalization,Settled,,843.53,20012.51,19782.2,0,False,True,False,False,False,False,False,False,False,False,False,False,False,1,True
CLM100799,POL11769,CUS21470,Health,Central,PRV-25,41,2024-06-14,2024-10-21,2024-10-27,2024-12-06,Surgery,Settled,,2459.73,30174.31,24145.43,0,True,False,False,False,False,False,False,False,False,False,False,False,False,1,True
CLM100799,POL10048,CUS20435,Health,North,PRV-13,50,2025-01-01,2025-09-03,2025-09-10,,Hospitalization,Rejected,Late Notification,8201.08,62265.37,0.0,1,True,False,False,False,False,False,False,False,False,False,False,False,False,1,True
CLM100833,POL10572,CUS20854,Health,North,PRV-15,69,2024-09-23,2025-02-21,2025-03-02,2025-04-07,Diagnostic,Settled,,0.0,28297.87,25615.32,0,False,False,False,False,False,True,False,False,False,False,False,False,False,1,True
CLM100886,POL10212,,Motor,West,PRV-25,68,2024-10-10,2025-03-26,2025-03-26,,Collision,Rejected,Suspected Misrepresentation,8276.75,49160.82,0.0,1,False,False,True,False,False,False,False,False,False,False,False,False,False,1,True
CLM100888,,CUS22323,Home,Central,PRV-20,49,2024-09-12,2024-11-19,2024-11-28,,Water Damage,Pending,,5048.32,41369.48,0.0,0,False,True,False,False,False,False,False,False,False,False,False,False,False,1,True
CLM100922,POL11786,CUS22295,Home,South,PRV-27,28,2024-04-27,2024-07-24,2024-07-29,2024-09-20,Storm,Settled,,4148.18,39484.22,45252.54059716353,0,False,False,False,False,False,False,True,False,False,False,False,False,False,1,True
CLM100948,POL13791,CUS23272,Motor,West,PRV-15,67,2024-05-01,2025-01-06,2025-01-16,,Glass Damage,Rejected,Insufficient Documents,5287.04,86895.91,0.0,1,True,False,False,False,False,False,False,False,False,False,False,False,False,1,True
CLM100948,POL11112,CUS21770,Health,West,PRV-15,21,2024-11-21,2025-08-24,2025-09-02,2025-10-22,Hospitalization,Settled,,1427.71,29016.82,27947.03,1,True,False,False,False,False,False,False,False,False,False,False,False,False,1,True
CLM101060,POL13082,CUS21641,Health,East,PRV-14,73,2024-04-14,2024-11-24,2024-11-24,,Surgery,Rejected,,2597.98,50354.43,0.0,2,False,False,False,False,False,False,False,False,False,False,True,False,False,1,True
CLM101119,POL11973,CUS20944,Motor,Central,PRV-29,41,2025-08-19,2026-04-22,2026-04-25,,Third Party,Rejected,,17205.35,113576.37,0.0,0,False,False,False,False,False,False,False,False,False,False,True,False,False,1,True
CLM101187,POL12393,CUS23376,Motor,North,PRV-21,25,2024-10-26,2025-02-22,2025-03-05,,Glass Damage,Approved,,4295.33,25174.67,31444.451153968344,0,False,False,False,False,False,False,True,False,False,False,False,False,False,1,True
CLM101222,POL13846,CUS22383,Health,Central,PRV-20,44,2025-02-07,2025-05-26,2025-05-30,2025-05-28,Surgery,Settled,,9982.18,64459.26,47861.82,0,False,False,False,False,False,False,False,True,False,False,False,False,False,1,True
CLM101258,POL12161,,Health,South,PRV-14,38,2024-11-04,2024-11-29,2024-11-29,,Emergency,Rejected,Insufficient Documents,3308.63,20025.94,0.0,2,False,False,True,False,False,False,False,False,False,False,False,False,False,1,True
CLM101262,POL11777,,Motor,Central,PRV-02,72,2024-12-20,2025-02-28,2025-03-08,,Theft,Approved,,7870.02,44542.97,27700.84,1,False,False,True,False,False,False,False,False,False,False,False,False,False,1,True
CLM101300,,CUS21178,Motor,North,PRV-02,67,2025-04-13,2026-02-04,2026-02-12,,Collision,Rejected,Coverage Limit,3860.97,38605.44,0.0,0,False,True,False,False,False,False,False,False,False,False,False,False,False,1,True
CLM101309,,CUS20651,Health,West,PRV-22,75,2024-01-22,2024-06-19,2024-06-25,2024-08-03,Emergency,Settled,,8631.0,62364.56,55669.48,0,False,True,False,False,False,False,False,False,False,False,False,False,False,1,True
CLM101371,POL11373,CUS20281,Motor,North,PRV-08,58,2024-06-23,2024-08-04,2024-08-08,,Theft,Rejected,,2691.14,21463.96,0.0,1,False,False,False,False,False,False,False,False,False,False,True,False,False,1,True
CLM101377,,CUS20501,Home,North,PRV-11,58,2024-06-07,2024-11-15,2024-11-22,,Fire,Approved,,8884.23,59865.52,50471.62,2,False,True,False,False,False,False,False,False,False,False,False,False,False,1,True
CLM101383,POL13587,CUS20093,Home,North,PRV-08,24,2024-04-09,2024-05-10,2024-05-11,,Storm,Approved,,4561.79,40657.76,35265.44,3,True,False,False,False,False,False,False,False,False,False,False,False,False,1,True
CLM101383,POL11545,CUS20857,Motor,East,PRV-03,64,2025-02-26,2025-07-29,2025-07-31,,Third Party,Approved,,7245.36,153042.69,104462.77,0,True,False,False,False,False,False,False,False,False,False,False,False,False,1,True
CLM101441,POL12050,CUS20959,Travel,East,PRV-25,27,2025-06-17,2026-01-04,2026-01-07,,Lost Baggage,Rejected,,800.0,10311.26,0.0,0,False,False,False,False,False,False,False,False,False,False,True,False,False,1,True
CLM101552,POL12133,CUS20628,Home,South,PRV-20,26,2024-04-26,2024-07-10,2024-07-20,,Theft,Approved,,13963.4,122634.99,68668.98,2,True,False,False,False,False,False,False,False,False,False,False,False,False,1,True
CLM101552,POL12476,CUS21692,Motor,Central,PRV-01,57,2024-02-14,2024-05-21,2024-05-27,,Third Party,Rejected,Late Notification,1914.85,22711.75,0.0,1,True,False,False,False,False,False,False,False,False,False,False,False,False,1,True
CLM101562,,CUS21660,Motor,South,PRV-25,26,2024-05-29,2024-09-29,2024-10-01,,Collision,Approved,,8824.99,105119.02,79628.72,0,False,True,False,False,False,False,False,False,False,False,False,False,False,1,True
CLM101587,POL10312,CUS21720,Travel,Central,PRV-29,47,2024-04-27,2024-08-07,2024-08-16,2024-08-28,Medical,Settled,,0.0,37185.2,20514.64,0,False,False,False,False,False,True,False,False,False,False,False,False,False,1,True
CLM101606,POL10591,CUS23046,Home,East,PRV-07,27,2024-12-03,2025-06-13,2025-06-20,,Fire,Rejected,,8618.85,59804.34,0.0,0,False,False,False,False,False,False,False,False,False,False,True,False,False,1,True
CLM101607,POL12375,CUS23497,Motor,East,PRV-12,41,2025-09-04,2026-02-01,2026-02-09,,Glass Damage,Rejected,,1533.26,25629.16,0.0,1,False,False,False,False,False,False,False,False,False,False,True,False,False,1,True
CLM101643,POL12378,CUS21519,Motor,East,,46,2024-07-16,2025-01-12,2025-01-13,,Collision,Approved,,17031.33,136312.78,128182.84,0,False,False,False,True,False,False,False,False,False,False,False,False,False,1,True
CLM101685,,CUS20551,Motor,West,PRV-07,23,2024-09-22,2024-11-19,2024-11-21,2025-01-14,Collision,Settled,,4359.59,34971.26,27571.75,0,False,True,False,False,False,False,False,False,False,False,False,False,False,1,True
CLM101730,POL13114,CUS22412,Home,South,PRV-15,54,2024-04-11,2024-06-12,2024-06-20,,Storm,Rejected,,2956.02,54400.25,0.0,0,False,False,False,False,False,False,False,False,False,False,True,False,False,1,True
CLM101744,POL10841,CUS23037,Motor,South,,35,2025-05-26,2025-09-20,2025-09-24,2025-10-23,Third Party,Settled,,12219.12,74356.23,64167.71,1,False,False,False,True,False,False,False,False,False,False,False,False,False,1,True
CLM101748,POL13219,,Health,South,PRV-27,71,2025-07-03,2026-03-06,2026-03-06,,Surgery,Approved,,3489.2,25725.9,14550.43,0,False,False,True,False,False,False,False,False,False,False,False,False,False,1,True
CLM101750,POL13725,CUS22540,Motor,West,PRV-09,40,2025-04-07,2025-07-17,2025-07-19,,Third Party,Rejected,,3564.33,42906.84,0.0,1,False,False,False,False,False,False,False,False,False,False,True,False,False,1,True
CLM101752,POL12514,CUS22141,Home,East,PRV-02,54,2024-08-07,2025-01-01,2025-01-09,2025-01-18,Storm,Settled,,8530.25,75345.67,90245.92152055816,0,False,False,False,False,False,False,True,False,False,False,False,False,False,1,True
CLM101764,POL12303,,Motor,Central,PRV-15,56,2025-06-25,2025-08-28,2025-09-08,2025-10-11,Third Party,Settled,,4833.63,52937.62,44874.36,1,False,False,True,False,False,False,False,False,False,False,False,False,False,1,True
CLM101780,POL10187,CUS23076,Health,South,PRV-18,45,2025-09-11,2025-10-04,2025-10-04,,Diagnostic,Approved,,17314.23,-172407.45,144385.46,0,False,False,False,False,True,False,True,False,False,False,False,False,False,2,True
CLM101792,,CUS22979,Health,West,PRV-02,61,2024-03-19,2024-06-02,2024-06-06,,Hospitalization,Approved,,2226.09,50079.38,28970.32,1,False,True,False,False,False,False,False,False,False,False,False,False,False,1,True
CLM101811,,CUS22843,Motor,East,PRV-23,26,2024-01-01,2024-08-04,2024-08-04,2024-10-17,Theft,Settled,,3831.79,22282.89,15837.56,0,False,True,False,False,False,False,False,False,False,False,False,False,False,1,True
CLM101821,POL13059,CUS22305,Travel,South,PRV-28,73,2025-08-07,2026-04-05,2026-04-05,2026-05-26,Delay,Settled,,942.69,18796.94,14690.94,2,True,False,False,False,False,False,False,False,False,False,False,False,False,1,True
CLM101821,POL11206,CUS23491,Health,North,PRV-02,46,2025-02-24,2025-06-12,2025-06-21,2025-07-15,Surgery,Settled,,5709.5,31773.66,30510.44,1,True,False,False,False,False,False,False,False,False,False,False,False,False,1,True
CLM101835,,CUS22753,Motor,South,PRV-28,57,2024-05-14,2024-12-06,2024-12-06,,Theft,Approved,,3531.78,51742.24,39469.89,0,False,True,False,False,False,False,False,False,False,False,False,False,False,1,True
CLM101842,POL13265,CUS21747,Home,Central,PRV-16,22,2024-09-25,2024-12-17,2024-12-24,,Storm,Approved,,8346.74,55953.89,69544.03873488025,1,False,False,False,False,False,False,True,False,False,False,False,False,False,1,True
CLM101854,POL10426,CUS23053,Motor,South,PRV-06,24,2025-08-05,2026-02-04,2026-02-04,2026-04-11,Collision,Settled,,3255.34,27125.63,35210.833185673604,1,False,False,False,False,False,False,True,False,False,False,False,False,False,1,True
CLM101863,POL11485,CUS21951,Motor,South,,44,2024-11-04,2025-04-27,2025-05-07,2025-06-18,Theft,Settled,,1717.94,38624.59,33558.43,0,False,False,False,True,False,False,False,False,False,False,False,False,False,1,True
CLM101865,POL11619,CUS23446,Motor,South,PRV-19,46,2024-02-18,2024-07-30,2024-08-08,,Theft,Rejected,Suspected Misrepresentation,7740.95,75860.0,0.0,0,True,False,False,False,False,False,False,False,False,False,False,False,False,1,True
CLM101865,POL10443,CUS21568,Health,East,PRV-18,59,2025-06-21,2025-12-05,2025-12-12,,Diagnostic,Pending,,3888.15,27740.09,0.0,3,True,False,False,False,False,False,False,False,False,False,False,False,False,1,True
CLM101883,,CUS20657,Home,Central,PRV-27,24,2025-02-03,2025-04-08,2025-04-15,2025-06-20,Fire,Settled,,4135.17,41540.43,38783.89,0,False,True,False,False,False,False,False,False,False,False,False,False,False,1,True
CLM101891,POL10981,CUS21178,Motor,Central,PRV-02,31,2024-05-09,2024-05-28,2024-06-03,,Theft,Rejected,,1756.71,31787.02,0.0,2,False,False,False,False,False,False,False,False,False,False,True,False,False,1,True
CLM101912,POL10012,CUS21034,Health,East,PRV-17,31,2024-06-15,2025-03-31,2025-04-04,,Surgery,Rejected,,9266.12,70091.13,0.0,1,False,False,False,False,False,False,False,False,False,False,True,False,False,1,True
CLM101915,POL12070,CUS23158,Home,North,PRV-25,41,2025-02-07,2025-05-10,2025-05-15,,Storm,Rejected,,8050.2,55739.83,0.0,0,False,False,False,False,False,False,False,False,False,False,True,False,False,1,True
CLM101920,POL11573,CUS20901,Home,West,PRV-22,32,2024-03-18,2024-04-10,2024-04-12,,Water Damage,Approved,,9492.58,71900.76,43246.09,3,True,False,False,False,False,False,False,False,False,False,False,False,False,1,True
CLM101920,POL12146,CUS21579,Home,West,PRV-08,35,2025-04-11,2025-07-02,2025-07-08,2025-08-30,Fire,Settled,,16901.63,110767.64,69284.97,0,True,False,False,False,False,False,False,False,False,False,False,False,False,1,True
CLM101930,POL10357,CUS20321,Motor,South,PRV-06,28,2024-06-25,2024-07-29,2024-08-01,2024-07-28,Collision,Settled,,800.0,13157.47,9817.62,1,False,False,False,False,False,False,False,True,False,False,False,False,False,1,True
CLM101974,POL12236,CUS21069,Health,North,,45,2024-05-28,2024-12-07,2024-12-17,,Emergency,Pending,,29734.82,169528.64,0.0,0,False,False,False,True,False,False,False,False,False,False,False,False,False,1,True
CLM102062,POL10598,CUS23426,Motor,North,PRV-10,43,2024-08-23,2024-09-28,2024-10-08,,Theft,Approved,,0.0,89841.94,87002.39,0,False,False,False,False,False,True,False,False,False,False,False,False,False,1,True
CLM102064,POL12358,CUS20091,Motor,South,PRV-23,63,2025-07-15,2025-09-03,2025-09-07,2025-08-29,Theft,Settled,,3249.1,50267.44,28091.97,1,False,False,False,False,False,False,False,True,False,False,False,False,False,1,True
CLM102106,POL13063,CUS20517,Health,West,PRV-17,32,2024-12-12,2025-08-07,2025-08-10,2025-09-12,Surgery,Settled,,4262.35,55671.71,45994.53,0,True,False,False,False,False,False,False,False,False,False,False,False,False,1,True
CLM102106,,CUS21817,Health,North,PRV-17,75,2025-03-16,2025-10-10,2025-10-17,,Emergency,Approved,,939.61,17306.15,15038.27,0,True,True,False,False,False,False,False,False,False,False,False,False,False,2,True
CLM102143,POL12440,,Motor,East,PRV-03,35,2024-09-23,2025-03-25,2025-03-25,,Collision,Rejected,Policy Exclusion,978.38,18779.75,0.0,1,False,False,True,False,False,False,False,False,False,False,False,False,False,1,True
CLM102162,,CUS22190,Health,Central,PRV-17,26,2024-02-12,2024-06-08,2024-06-17,2024-08-12,Surgery,Settled,,13650.61,95973.71,64998.6,1,False,True,False,False,False,False,False,False,False,False,False,False,False,1,True
CLM102229,POL13923,CUS22108,Travel,South,PRV-23,66,2024-01-15,2024-06-29,2024-07-05,2024-07-10,Delay,Settled,,0.0,51603.84,50462.7,0,False,False,False,False,False,True,False,False,False,False,False,False,False,1,True
CLM102277,,CUS22815,Health,North,PRV-16,27,2024-04-17,2024-10-09,2024-10-10,2024-12-13,Emergency,Settled,,6857.2,89199.08,59619.14,2,False,True,False,False,False,False,False,False,False,False,False,False,False,1,True
CLM102291,POL11286,CUS22645,Motor,South,,73,2024-05-15,2024-09-10,2024-09-11,,Glass Damage,Pending,,3035.8,25330.81,0.0,1,False,False,False,True,False,False,False,False,False,False,False,False,False,1,True
CLM102300,POL11069,CUS22669,Health,South,PRV-09,38,2025-03-08,2025-03-11,2025-03-18,2025-04-25,Diagnostic,Settled,,2621.42,42860.73,51284.84053482989,2,False,False,False,False,False,False,True,False,False,False,False,False,False,1,True
CLM102316,POL10347,CUS22360,Home,North,,32,2024-07-25,2024-09-19,2024-09-24,,Storm,Approved,,7168.95,154904.96,134225.0,2,False,False,False,True,False,False,False,False,False,False,False,False,False,1,True
CLM102348,POL10805,CUS23235,Motor,Central,,70,2024-05-12,2024-09-07,2024-09-13,2024-11-26,Theft,Settled,,3624.69,30337.55,24215.1,3,False,False,False,True,False,False,False,False,False,False,False,False,False,1,True
CLM102375,,CUS23333,Motor,North,PRV-06,53,2025-05-09,2025-12-11,2025-12-21,,Theft,Pending,,4654.82,26813.62,0.0,0,False,True,False,False,False,False,False,False,False,False,False,False,False,1,True
CLM102380,POL10718,CUS22400,Motor,East,,21,2024-04-06,2025-01-24,2025-01-30,2025-03-18,Glass Damage,Settled,,6999.33,71712.5,63156.29,1,False,False,False,True,False,False,False,False,False,False,False,False,False,1,True
CLM102437,POL12706,,Motor,North,PRV-28,51,2025-01-31,2025-03-26,2025-04-04,,Third Party,Approved,,7209.35,45822.49,27112.37,0,False,False,True,False,False,False,False,False,False,False,False,False,False,1,True
CLM102448,POL13112,CUS22528,Health,East,PRV-21,48,2024-12-04,2025-03-01,2025-03-02,2025-04-16,Hospitalization,Settled,,8526.56,62306.54,59405.06,1,True,False,False,False,False,False,False,False,False,False,False,False,False,1,True
CLM102448,POL10687,CUS22869,Health,East,PRV-22,61,2024-09-25,2024-10-24,2024-11-02,2024-12-23,Emergency,Settled,,1719.02,22267.33,13598.75,0,True,False,False,False,False,False,False,False,False,False,False,False,False,1,True
CLM102493,POL12441,CUS20875,Motor,West,PRV-29,49,2024-11-27,2025-03-30,2025-04-10,2025-04-02,Glass Damage,Settled,,6944.99,50132.17,49092.84,1,False,False,False,False,False,False,False,True,False,False,False,False,False,1,True
CLM102508,POL11629,CUS22208,Health,South,PRV-02,55,2024-01-22,2024-10-24,2024-10-27,2024-11-06,Diagnostic,Settled,,1861.29,22259.35,20655.67,2,True,False,False,False,False,False,False,False,False,False,False,False,False,1,True
CLM102508,POL10487,CUS21626,Health,North,PRV-19,67,2024-04-19,2024-05-19,2024-05-25,,Surgery,Rejected,Insufficient Documents,11989.86,118499.63,0.0,2,True,False,False,False,False,False,False,False,False,False,False,False,False,1,True
CLM102526,POL11873,CUS21097,Home,East,PRV-07,7,2024-03-07,2024-03-08,2024-03-11,2024-04-08,Water Damage,Settled,,11013.0,61987.55,36746.33,0,False,False,False,False,False,False,False,False,False,False,False,False,True,1,True
CLM102527,POL13794,CUS20870,Home,West,PRV-28,72,2024-01-27,2024-04-26,2024-04-28,,Water Damage,Rejected,,11304.05,132404.78,0.0,0,False,False,False,False,False,False,False,False,False,False,True,False,False,1,True
CLM102531,POL13224,CUS22765,Motor,East,PRV-01,58,2024-06-22,2024-11-27,2024-12-02,2025-01-09,Third Party,Settled,,2020.86,30358.02,17706.9,2,True,False,False,False,False,False,False,False,False,False,False,False,False,1,True
CLM102531,POL13699,CUS22917,Health,Central,PRV-10,63,2024-08-20,2024-12-21,2024-12-31,,Hospitalization,Approved,,1219.81,37402.14,23575.24,0,True,False,False,False,False,False,False,False,False,False,False,False,False,1,True
CLM102541,,CUS23289,Health,West,PRV-07,46,2025-08-29,2026-01-19,2026-01-22,,Emergency,Pending,,1580.59,47400.81,0.0,2,False,True,False,False,False,False,False,False,False,False,False,False,False,1,True
CLM102565,POL11726,CUS23265,Home,North,PRV-18,34,2024-07-10,2024-09-02,2024-09-13,,Theft,Rejected,,14728.99,101897.2,0.0,0,False,False,False,False,False,False,False,False,False,False,True,False,False,1,True
CLM102571,POL13731,CUS23247,Travel,West,PRV-27,58,2025-02-23,2025-04-11,2025-04-12,,Lost Baggage,Rejected,,1323.31,11413.35,0.0,0,False,False,False,False,False,False,False,False,False,False,True,False,False,1,True
CLM102575,POL11317,CUS20447,Travel,Central,PRV-30,26,2024-11-13,2024-11-15,2024-11-21,2025-02-01,Medical,Settled,,800.0,8911.49,7797.75,0,True,False,False,False,False,False,False,False,False,False,False,False,False,1,True
CLM102575,POL11083,CUS23242,Travel,Central,PRV-02,46,2024-07-20,2024-07-31,2024-08-03,2024-09-03,Medical,Settled,,3735.17,22815.3,19674.74,0,True,False,False,False,False,False,False,False,False,False,False,False,False,1,True
CLM102591,POL11514,CUS22285,Travel,Central,PRV-26,32,2024-09-20,2025-07-16,2025-07-24,2025-07-19,Lost Baggage,Settled,,938.77,13087.35,8113.3,0,False,False,False,False,False,False,False,True,False,False,False,False,False,1,True
CLM102593,POL10378,,Home,South,PRV-09,58,2024-04-08,2024-06-01,2024-06-05,2024-06-12,Fire,Settled,,6259.98,38816.07,24518.31,1,False,False,True,False,False,False,False,False,False,False,False,False,False,1,True
CLM102618,POL12626,CUS20894,Home,East,PRV-14,10,2024-05-10,2025-02-10,2025-02-14,,Water Damage,Pending,,6999.36,52122.45,0.0,0,False,False,False,False,False,False,False,False,False,False,False,False,True,1,True
CLM102646,POL12271,CUS21951,Motor,North,PRV-07,54,2025-08-18,2025-09-12,2025-09-15,2025-09-21,Collision,Settled,,2682.64,74813.97,83748.42346543037,0,False,False,False,False,False,False,True,False,False,False,False,False,False,1,True
CLM102710,POL10264,CUS20920,Health,South,PRV-18,25,2024-11-26,2025-01-11,2025-01-18,,Hospitalization,Rejected,Policy Exclusion,7003.79,94381.7,0.0,2,True,False,False,False,False,False,False,False,False,False,False,False,False,1,True
CLM102710,POL10095,CUS20769,Home,East,PRV-07,38,2024-09-07,2025-02-03,2025-02-03,,Theft,Approved,,1801.04,32502.63,26871.08,2,True,False,False,False,False,False,False,False,False,False,False,False,False,1,True
CLM102797,,CUS20467,Home,East,PRV-09,27,2024-12-04,2025-09-26,2025-10-06,,Water Damage,Approved,,5543.56,-143601.92,123192.95,0,False,True,False,False,True,False,True,False,False,False,False,False,False,3,True
CLM102804,POL10688,CUS22654,Motor,South,,44,2025-07-23,2026-04-07,2026-04-18,2026-06-12,Third Party,Settled,,6423.85,52965.51,51173.89,0,False,False,False,True,False,False,False,False,False,False,False,False,False,1,True
CLM102821,POL13320,CUS21789,Health,East,PRV-05,22,2024-04-05,2024-04-30,2024-05-11,2024-06-29,Diagnostic,Settled,,8537.88,-61866.42,44565.31,0,False,False,False,False,True,False,True,False,False,False,False,False,False,2,True
CLM102857,POL13119,CUS20485,Motor,East,,46,2024-03-19,2024-10-30,2024-11-10,2024-12-05,Third Party,Settled,,1996.78,38359.87,22500.28,1,False,False,False,True,False,False,False,False,False,False,False,False,False,1,True
CLM102861,POL13722,,Motor,East,PRV-29,32,2025-04-13,2025-12-31,2026-01-08,,Glass Damage,Approved,,1412.35,9884.51,7759.84,1,False,False,True,False,False,False,False,False,False,False,False,False,False,1,True
CLM102896,,CUS23034,Health,North,PRV-06,59,2024-01-18,2024-03-06,2024-03-15,2024-04-03,Emergency,Settled,,14270.76,89004.52,70236.15,2,False,True,False,False,False,False,False,False,False,False,False,False,False,1,True
CLM102900,POL12029,CUS20399,Motor,West,PRV-20,53,2024-07-05,2024-07-08,2024-07-16,,Collision,Rejected,,800.0,5555.8,0.0,1,False,False,False,False,False,False,False,False,False,False,True,False,False,1,True
CLM102940,POL12860,,Motor,West,PRV-24,46,2025-05-14,2026-01-25,2026-02-02,,Glass Damage,Approved,,2635.91,26129.1,30278.35434810485,0,False,False,True,False,False,False,True,False,False,False,False,False,False,2,True
CLM102954,POL11107,CUS22284,Home,Central,PRV-16,43,2025-05-08,2025-10-22,2025-11-01,,Water Damage,Rejected,,9751.84,99116.38,0.0,1,False,False,False,False,False,False,False,False,False,False,True,False,False,1,True
CLM102959,POL11911,CUS22281,Travel,Central,PRV-28,108,2024-08-14,2025-03-13,2025-03-14,2025-04-27,Delay,Settled,,1807.31,15487.53,13719.62,1,False,False,False,False,False,False,False,False,False,False,False,False,True,1,True
CLM102963,POL10267,CUS21543,Health,South,PRV-16,28,2025-05-25,2025-11-15,2025-11-24,2025-12-05,Surgery,Settled,,3251.27,25278.01,33947.43897392454,1,False,False,False,False,False,False,True,False,False,False,False,False,False,1,True
CLM102990,POL11824,CUS20848,Health,Central,PRV-11,69,2024-08-18,2025-04-05,2025-04-15,2025-04-11,Diagnostic,Settled,,4077.26,58746.37,46215.6,0,False,False,False,False,False,False,False,True,False,False,False,False,False,1,True
CLM102998,POL11739,CUS20461,Motor,North,PRV-01,28,2024-10-20,2025-02-19,2025-02-27,2025-03-18,Theft,Settled,,5595.34,52087.3,65677.0230729226,2,False,False,False,False,False,False,True,False,False,False,False,False,False,1,True
CLM103114,POL11459,CUS21087,Motor,West,PRV-22,54,2024-03-26,2024-04-23,2024-04-24,2024-04-18,Theft,Settled,,2876.6,32833.72,26821.6,0,False,False,False,False,False,False,False,True,False,False,False,False,False,1,True
CLM103116,POL12513,CUS20415,Health,West,PRV-16,23,2025-05-02,2025-11-28,2025-12-09,,Hospitalization,Rejected,Suspected Misrepresentation,20868.58,-187507.53,0.0,1,False,False,False,False,True,False,True,False,False,False,False,False,False,2,True
CLM103124,POL11764,,Travel,East,PRV-22,55,2024-11-10,2024-12-21,2024-12-27,2025-03-01,Trip Cancellation,Settled,,1898.57,12701.72,11626.07,1,False,False,True,False,False,False,False,False,False,False,False,False,False,1,True
CLM103127,POL13634,CUS22051,Health,East,PRV-01,19,2024-11-11,2025-09-05,2025-09-08,2025-10-27,Surgery,Settled,,2476.7,30740.35,35217.11761014233,0,False,False,False,False,False,False,True,False,False,False,False,False,False,1,True
CLM103171,POL13755,CUS23231,Health,Central,,38,2024-01-19,2024-05-03,2024-05-07,2024-07-01,Surgery,Settled,,1481.96,15052.12,11355.26,0,False,False,False,True,False,False,False,False,False,False,False,False,False,1,True
CLM103181,POL10780,CUS20353,Home,North,PRV-05,75,2025-07-02,2026-03-12,2026-03-16,2026-04-24,Water Damage,Settled,,11465.1,73098.54,53160.49,0,True,False,False,False,False,False,False,False,False,False,False,False,False,1,True
CLM103181,POL12986,CUS22609,Health,West,PRV-23,69,2025-03-31,2025-10-30,2025-11-08,2025-12-20,Surgery,Settled,,2751.8,45423.23,26086.61,0,True,False,False,False,False,False,False,False,False,False,False,False,False,1,True
CLM103184,POL12517,,Health,West,PRV-27,68,2024-08-28,2025-05-06,2025-05-17,,Surgery,Rejected,Coverage Limit,7141.78,93801.08,0.0,0,False,False,True,False,False,False,False,False,False,False,False,False,False,1,True
CLM103239,POL10154,CUS21692,Motor,West,PRV-26,59,2025-04-28,2025-07-26,2025-07-30,2025-09-01,Theft,Settled,,3725.16,34202.46,21017.95,0,True,False,False,False,False,False,False,False,False,False,False,False,False,1,True
CLM103239,POL10835,CUS22455,Motor,Central,PRV-17,57,2024-01-28,2024-10-05,2024-10-07,,Glass Damage,Pending,,1910.55,24504.1,0.0,1,True,False,False,False,False,False,False,False,False,False,False,False,False,1,True
CLM103289,POL10741,CUS21660,Motor,North,,55,2025-02-01,2025-08-27,2025-08-28,2025-09-04,Third Party,Settled,,4702.93,37872.57,29941.21,0,False,False,False,True,False,False,False,False,False,False,False,False,False,1,True
CLM103459,POL11585,,Health,East,PRV-27,74,2025-05-20,2025-06-21,2025-06-25,,Surgery,Approved,,1859.64,60971.7,34675.26,2,False,False,True,False,False,False,False,False,False,False,False,False,False,1,True
CLM103470,,CUS21952,Health,Central,PRV-28,44,2025-01-15,2025-03-14,2025-03-24,,Surgery,Pending,,1053.27,6056.54,0.0,2,False,True,False,False,False,False,False,False,False,False,False,False,False,1,True
CLM103499,POL11798,CUS22800,Motor,South,PRV-28,49,2024-12-10,2025-01-12,2025-01-18,,Theft,Rejected,,3389.52,21534.97,0.0,2,False,False,False,False,False,False,False,False,False,False,True,False,False,1,True
CLM103545,POL12523,CUS22824,Health,West,PRV-03,68,2025-09-01,2026-04-10,2026-04-14,2026-05-23,Emergency,Settled,,15323.89,149705.54,187004.0991985409,1,False,False,False,False,False,False,True,False,False,False,False,False,False,1,True
CLM103601,POL12441,CUS21651,Motor,South,PRV-19,65,2024-10-07,2025-05-11,2025-05-17,,Glass Damage,Approved,,8595.77,54330.53,65994.94661311248,1,False,False,False,False,False,False,True,False,False,False,False,False,False,1,True
CLM103617,POL11636,,Health,East,PRV-17,47,2025-02-12,2025-08-19,2025-08-25,2025-08-19,Surgery,Settled,,1526.15,22230.68,20513.35,0,False,False,True,False,False,False,False,True,False,False,False,False,False,2,True
CLM103626,POL13083,CUS22742,Motor,East,PRV-26,72,2024-01-30,2024-06-30,2024-07-01,2024-07-25,Collision,Settled,,3600.01,33694.81,37369.23086465261,0,False,False,False,False,False,False,True,False,False,False,False,False,False,1,True
CLM103649,POL12950,CUS20705,Health,South,PRV-18,67,2024-01-04,2024-10-19,2024-10-20,,Surgery,Rejected,,8624.78,51733.64,0.0,0,False,False,False,False,False,False,False,False,False,False,True,False,False,1,True
CLM103678,POL12154,CUS22039,Home,South,PRV-07,10,2024-09-11,2025-02-28,2025-03-10,,Storm,Pending,,8948.96,60997.18,0.0,0,False,False,False,False,False,False,False,False,False,False,False,False,True,1,True
CLM103730,POL12886,,Motor,South,PRV-03,72,2025-08-23,2026-06-14,2026-06-24,2026-07-17,Third Party,Settled,,3762.42,25211.48,16600.76,1,False,False,True,False,False,False,False,False,False,False,False,False,False,1,True
CLM103746,POL11795,CUS20293,Health,North,PRV-18,27,2024-09-26,2024-11-17,2024-11-17,,Diagnostic,Approved,,3957.28,66723.79,82176.07547829187,2,False,False,False,False,False,False,True,False,False,False,False,False,False,1,True
CLM103752,POL13842,CUS21490,Home,Central,PRV-13,31,2025-08-03,2025-08-21,2025-08-29,2025-08-26,Storm,Settled,,5143.38,89357.63,57507.27,1,False,False,False,False,False,False,False,True,False,False,False,False,False,1,True
CLM103788,POL13904,CUS20171,Motor,Central,PRV-02,23,2024-12-02,2025-06-22,2025-06-29,,Third Party,Rejected,,1017.59,22475.18,0.0,1,False,False,False,False,False,False,False,False,False,False,True,False,False,1,True
CLM103811,,CUS22084,Travel,South,PRV-01,56,2024-05-03,2025-01-13,2025-01-18,2025-02-26,Delay,Settled,,1781.14,13664.15,11648.07,1,False,True,False,False,False,False,False,False,False,False,False,False,False,1,True
CLM103812,,CUS21926,Health,West,PRV-12,50,2024-05-19,2024-12-31,2025-01-05,,Emergency,Approved,,6278.83,56746.2,54965.55,2,False,True,False,False,False,False,False,False,False,False,False,False,False,1,True
CLM103864,POL12526,CUS22802,Motor,North,PRV-04,21,2024-06-16,2024-11-22,2024-12-03,,Theft,Approved,,3626.39,24563.69,17482.87,1,True,False,False,False,False,False,False,False,False,False,False,False,False,1,True
CLM103864,POL13106,CUS22909,Health,East,PRV-28,70,2024-07-29,2025-01-23,2025-02-01,,Emergency,Rejected,Coverage Limit,16699.67,94991.74,0.0,0,True,False,False,False,False,False,False,False,False,False,False,False,False,1,True
CLM103881,POL10894,CUS20143,Travel,North,,66,2025-06-16,2025-06-25,2025-07-02,,Medical,Approved,,3383.47,28645.18,18215.18,0,False,False,False,True,False,False,False,False,False,False,False,False,False,1,True
CLM103891,POL13702,CUS21603,Health,South,PRV-01,49,2025-06-08,2025-11-22,2025-12-01,,Surgery,Rejected,Insufficient Documents,2048.82,40123.93,0.0,1,True,False,False,False,False,False,False,False,False,False,False,False,False,1,True
CLM103891,POL11743,CUS22395,Home,West,PRV-15,36,2025-01-19,2025-11-10,2025-11-18,2025-12-10,Theft,Settled,,2181.96,18214.77,10513.98,1,True,False,False,False,False,False,False,False,False,False,False,False,False,1,True
CLM103902,POL12037,CUS21993,Home,Central,PRV-30,64,2024-08-22,2024-12-24,2025-01-02,2025-02-18,Fire,Settled,,12820.8,76577.3,73439.93,2,True,False,False,False,False,False,False,False,False,False,False,False,False,1,True
CLM103902,POL10048,CUS23407,Motor,North,PRV-09,63,2025-05-27,2025-06-13,2025-06-16,2025-08-07,Glass Damage,Settled,,4666.87,29161.16,24301.07,1,True,False,False,False,False,False,False,False,False,False,False,False,False,1,True
CLM103979,POL10602,CUS21867,Health,South,PRV-02,74,2025-03-24,2025-12-20,2025-12-20,,Hospitalization,Rejected,,2516.78,15207.91,0.0,1,False,False,False,False,False,False,False,False,False,False,True,False,False,1,True
CLM103980,POL11803,CUS23492,Health,Central,PRV-28,33,2024-08-21,2025-04-17,2025-04-26,2025-04-17,Emergency,Settled,,1890.42,53912.42,40968.35,2,False,False,False,False,False,False,False,True,False,False,False,False,False,1,True
CLM103984,POL13430,CUS20741,Health,North,PRV-10,36,2025-03-09,2025-12-24,2025-12-25,,Surgery,Approved,,10994.73,95493.16,89931.9,0,True,False,False,False,False,False,False,False,False,False,False,False,False,1,True
CLM103984,POL11358,CUS23486,Home,Central,PRV-16,72,2025-02-16,2025-05-17,2025-05-25,2025-06-21,Storm,Settled,,4331.79,47219.98,26491.57,1,True,False,False,False,False,False,False,False,False,False,False,False,False,1,True
CLM104010,POL11412,CUS21606,Health,North,PRV-07,9,2024-08-16,2024-09-04,2024-09-15,,Emergency,Rejected,Insufficient Documents,4035.16,28986.98,0.0,2,False,False,False,False,False,False,False,False,False,False,False,False,True,1,True
CLM104044,POL11653,,Motor,South,PRV-24,40,2024-09-12,2024-12-28,2024-12-29,,Third Party,Approved,,8472.45,52019.24,42464.69,0,False,False,True,False,False,False,False,False,False,False,False,False,False,1,True
CLM104063,POL12060,CUS21109,Home,South,,53,2024-01-29,2024-09-28,2024-10-02,2024-11-01,Fire,Settled,,3023.62,19667.81,15560.55,1,False,False,False,True,False,False,False,False,False,False,False,False,False,1,True
CLM104107,,CUS22365,Health,North,PRV-05,35,2024-06-27,2024-08-17,2024-08-19,,Emergency,Rejected,Suspected Misrepresentation,21009.5,133989.21,0.0,2,False,True,False,False,False,False,False,False,False,False,False,False,False,1,True
CLM104157,POL11205,CUS21712,Motor,East,,19,2025-05-26,2025-06-13,2025-06-24,,Collision,Rejected,Insufficient Documents,3649.18,35588.28,0.0,0,False,False,False,True,False,False,False,False,False,False,False,False,False,1,True
CLM104232,POL12420,CUS22037,Health,East,PRV-13,67,2024-12-27,2025-07-02,2025-07-07,,Surgery,Approved,,7444.92,52947.06,37414.34,0,True,False,False,False,False,False,False,False,False,False,False,False,False,1,True
CLM104232,POL11058,CUS20476,Travel,West,PRV-28,71,2024-09-17,2025-06-08,2025-06-13,,Trip Cancellation,Approved,,2014.56,17543.16,15193.97,1,True,False,False,False,False,False,False,False,False,False,False,False,False,1,True
CLM104259,POL10100,CUS20927,Health,Central,PRV-17,33,2024-02-22,2024-10-13,2024-10-22,,Surgery,Rejected,,3793.65,45904.14,0.0,0,False,False,False,False,False,False,False,False,False,False,True,False,False,1,True
CLM104268,POL10179,CUS22463,Travel,West,PRV-21,67,2025-06-04,2025-10-01,2025-10-12,,Delay,Approved,,1944.1,13730.5,14686.13642864669,1,False,False,False,False,False,False,True,False,False,False,False,False,False,1,True
CLM104305,POL13080,CUS20441,Health,Central,,57,2025-01-24,2025-07-15,2025-07-18,,Surgery,Pending,,11154.36,78294.35,0.0,1,False,False,False,True,False,False,False,False,False,False,False,False,False,1,True
CLM104310,POL12077,CUS22770,Motor,South,PRV-27,23,2024-01-03,2024-07-20,2024-07-28,,Collision,Rejected,,1346.95,44487.33,0.0,2,False,False,False,False,False,False,False,False,False,False,True,False,False,1,True
CLM104315,POL11103,CUS20375,Travel,South,PRV-13,114,2025-07-23,2025-09-07,2025-09-09,2025-11-17,Trip Cancellation,Settled,,893.13,10541.31,10449.23,1,False,False,False,False,False,False,False,False,False,False,False,False,True,1,True
CLM104336,POL13027,CUS21371,Health,South,PRV-07,24,2024-03-07,2024-09-24,2024-09-26,,Emergency,Rejected,,1660.27,51371.68,0.0,1,False,False,False,False,False,False,False,False,False,False,True,False,False,1,True
CLM104386,POL11040,CUS22780,Home,South,PRV-03,22,2025-06-29,2025-10-02,2025-10-09,,Water Damage,Rejected,Insufficient Documents,11568.05,78404.18,0.0,0,True,False,False,False,False,False,False,False,False,False,False,False,False,1,True
CLM104386,POL10235,CUS22990,Home,West,PRV-11,66,2024-07-07,2024-12-05,2024-12-05,2025-01-11,Fire,Settled,,11679.22,77412.85,72291.72,1,True,False,False,False,False,False,False,False,False,False,False,False,False,1,True
CLM104444,POL12949,CUS22611,Health,East,PRV-14,42,2024-09-08,2025-01-21,2025-01-23,2025-01-21,Hospitalization,Settled,,1445.96,25844.21,14317.78,1,False,False,False,False,False,False,False,True,False,False,False,False,False,1,True
CLM104515,POL13174,CUS23463,Travel,East,PRV-01,18,2024-07-20,2024-10-04,2024-10-07,2024-11-15,Delay,Settled,,854.01,5970.1,3771.88,1,True,False,False,False,False,False,False,False,False,False,False,False,False,1,True
CLM104515,POL11406,CUS21418,Home,South,PRV-03,31,2025-07-13,2025-07-30,2025-08-08,2025-08-25,Theft,Settled,,3814.06,65062.14,56535.71,1,True,False,False,False,False,False,False,False,False,False,False,False,False,1,True
CLM104528,,CUS20565,Home,West,PRV-07,62,2024-09-08,2025-04-27,2025-04-30,2025-07-06,Theft,Settled,,7825.96,57307.98,38793.95,0,False,True,False,False,False,False,False,False,False,False,False,False,False,1,True
CLM104542,POL13706,CUS20909,Health,North,PRV-02,42,2024-03-25,2024-07-12,2024-07-17,,Emergency,Rejected,,2124.83,29183.54,0.0,0,False,False,False,False,False,False,False,False,False,False,True,False,False,1,True
CLM104598,POL13822,CUS21952,Home,North,,59,2025-04-16,2026-02-07,2026-02-12,,Storm,Rejected,Insufficient Documents,6869.7,87136.88,0.0,1,False,False,False,True,False,False,False,False,False,False,False,False,False,1,True
CLM104601,POL13795,CUS21528,Motor,East,PRV-04,75,2024-06-13,2024-11-22,2024-12-02,2024-11-23,Collision,Settled,,5360.56,39257.69,37607.02,0,False,False,False,False,False,False,False,True,False,False,False,False,False,1,True
CLM104644,POL10106,CUS21656,Home,East,PRV-14,62,2025-07-28,2026-02-07,2026-02-10,,Theft,Rejected,Suspected Misrepresentation,1482.96,-42916.64,0.0,0,False,False,False,False,True,False,True,False,False,False,False,False,False,2,True
CLM104648,POL11171,CUS23432,Motor,Central,PRV-17,68,2025-04-05,2026-01-21,2026-01-25,,Collision,Approved,,0.0,24661.71,17088.96,1,False,False,False,False,False,True,False,False,False,False,False,False,False,1,True
CLM104685,,CUS20962,Motor,East,PRV-29,30,2024-05-22,2025-03-11,2025-03-11,2025-04-11,Theft,Settled,,3588.43,21488.32,20458.08,0,False,True,False,False,False,False,False,False,False,False,False,False,False,1,True
CLM104706,POL11881,CUS21118,Home,South,PRV-03,57,2024-05-20,2024-10-20,2024-10-28,2024-11-10,Storm,Settled,,8073.19,62368.69,66077.22205889,0,False,False,False,False,False,False,True,False,False,False,False,False,False,1,True
CLM104732,POL13052,CUS22099,Travel,West,PRV-22,38,2024-12-09,2025-08-27,2025-08-29,,Lost Baggage,Rejected,,1547.39,18102.32,0.0,1,False,False,False,False,False,False,False,False,False,False,True,False,False,1,True
CLM104744,,CUS21824,Home,South,PRV-25,22,2025-08-14,2025-10-06,2025-10-06,,Water Damage,Approved,,2037.45,60574.54,38664.9,2,False,True,False,False,False,False,False,False,False,False,False,False,False,1,True
CLM104760,POL13868,,Home,East,PRV-11,71,2025-08-18,2026-04-03,2026-04-10,2026-06-14,Water Damage,Settled,,800.0,16559.32,13798.49,1,False,False,True,False,False,False,False,False,False,False,False,False,False,1,True
CLM104770,POL11181,CUS20446,Motor,North,,44,2024-01-20,2024-06-27,2024-06-29,2024-07-26,Theft,Settled,,3735.63,83404.38,67507.85,2,False,False,False,True,False,False,False,False,False,False,False,False,False,1,True
CLM104782,POL11372,,Health,West,PRV-23,37,2024-10-26,2025-05-01,2025-05-10,,Surgery,Rejected,Suspected Misrepresentation,1521.75,10400.65,0.0,1,False,False,True,False,False,False,False,False,False,False,False,False,False,1,True
CLM104801,,CUS21745,Health,South,PRV-03,29,2025-06-09,2025-09-13,2025-09-18,,Emergency,Rejected,Coverage Limit,13533.51,80006.72,0.0,1,False,True,False,False,False,False,False,False,False,False,False,False,False,1,True
CLM104807,POL13570,CUS23074,Motor,West,PRV-14,40,2024-06-01,2024-08-03,2024-08-10,2024-08-05,Theft,Settled,,2645.64,16349.47,15437.69,0,False,False,False,False,False,False,False,True,False,False,False,False,False,1,True
CLM104828,POL13673,CUS23051,Health,East,PRV-24,43,2024-11-27,2025-06-12,2025-06-19,,Diagnostic,Rejected,,1360.13,17982.78,0.0,0,False,False,False,False,False,False,False,False,False,False,True,False,False,1,True
CLM104884,POL10025,CUS20857,Motor,North,PRV-25,56,2025-02-09,2025-11-30,2025-12-03,2025-11-30,Collision,Settled,,949.37,11143.2,7176.9,0,False,False,False,False,False,False,False,True,False,False,False,False,False,1,True
CLM104886,,CUS22201,Home,South,PRV-04,53,2025-06-28,2025-11-28,2025-12-01,,Storm,Approved,,7403.59,61804.54,38382.41,2,False,True,False,False,False,False,False,False,False,False,False,False,False,1,True
CLM104903,POL12880,CUS22596,Health,Central,,30,2024-01-11,2024-07-01,2024-07-05,2024-09-01,Diagnostic,Settled,,3111.51,47586.9,36252.37,1,False,False,False,True,False,False,False,False,False,False,False,False,False,1,True
CLM104918,POL13376,CUS22352,Motor,South,,69,2024-12-24,2025-07-25,2025-07-29,,Third Party,Approved,,6443.79,57115.42,45700.04,1,False,False,False,True,False,False,False,False,False,False,False,False,False,1,True
CLM104931,POL12936,CUS20032,Health,South,,41,2024-12-04,2025-06-16,2025-06-25,2025-08-01,Diagnostic,Settled,,9057.72,69311.4,63752.15,1,False,False,False,True,False,False,False,False,False,False,False,False,False,1,True
CLM104939,POL11354,CUS22174,Health,West,PRV-02,43,2024-05-11,2024-07-17,2024-07-23,2024-08-05,Emergency,Settled,,800.0,9208.26,9030.45,0,True,False,False,False,False,False,False,False,False,False,False,False,False,1,True
CLM104939,POL12908,CUS22006,Travel,East,PRV-15,52,2025-08-18,2025-09-19,2025-09-27,,Medical,Approved,,800.0,11705.52,10256.66,0,True,False,False,False,False,False,False,False,False,False,False,False,False,1,True
CLM104988,POL13726,CUS22315,Motor,South,,56,2024-10-02,2025-03-22,2025-03-22,,Collision,Approved,,2637.26,33343.11,30807.76,1,False,False,False,True,False,False,False,False,False,False,False,False,False,1,True
