claim_id,policy_id,customer_id,policy_type,region,provider_id,claim_amount,premium_amount,previous_claims,policy_age_at_claim,days_to_report,risk_score
CLM104397,POL11034,CUS21837,Home,North,PRV-11,169222.77,13704.62,2,23,1,7
CLM102211,POL13097,CUS20014,Home,East,PRV-01,160760.26,10276.16,2,15,0,7
CLM101639,POL11092,CUS21089,Health,West,PRV-19,72283.77,3291.03,2,12,10,7
CLM103541,POL12320,CUS23493,Motor,West,PRV-09,54740.82,2097.91,2,26,11,7
CLM101305,POL12686,CUS21238,Motor,Central,PRV-02,49005.85,3485.01,2,27,11,7
CLM101198,POL13211,CUS20555,Health,West,PRV-05,38577.06,1233.88,2,29,8,7
CLM103703,POL13623,CUS20239,Motor,West,PRV-23,31381.28,1050.35,2,20,8,7
CLM102672,POL13406,CUS22493,Travel,East,PRV-22,30228.89,1486.97,2,20,11,7
CLM101483,POL10448,CUS21970,Home,South,PRV-04,26323.19,2520.86,2,25,11,7
CLM100150,POL13422,CUS20554,Health,South,PRV-23,19970.53,1838.61,2,17,11,7
CLM102187,POL11031,CUS20303,Motor,West,PRV-13,238443.62,10777.82,2,78,8,6
CLM101017,POL11976,CUS20278,Home,East,PRV-04,214086.82,11490.45,2,41,10,6
CLM101370,POL13522,CUS23468,Home,North,PRV-11,212879.24,12728.37,2,148,10,6
CLM104676,POL12222,CUS22864,Health,South,PRV-04,199566.76,7953.9,2,124,8,6
CLM103888,POL10558,CUS21965,Home,West,PRV-13,168754.9,15079.05,2,158,11,6
CLM100668,POL13675,CUS22654,Health,North,PRV-02,133155.49,9991.66,2,25,4,6
CLM100905,POL12838,CUS20517,Home,South,PRV-04,128740.54,10206.47,3,27,0,6
CLM104549,POL13476,CUS20021,Motor,South,PRV-10,115712.4,8528.92,4,6,2,6
CLM101110,POL12528,CUS23027,Motor,North,PRV-11,101800.37,4872.7,3,14,5,6
CLM103816,POL11807,CUS21300,Home,East,PRV-20,98576.1,5103.31,2,12,2,6
CLM104526,POL10075,CUS22900,Health,West,PRV-11,93866.62,7831.3,2,13,5,6
CLM104580,POL10776,CUS21589,Health,West,PRV-26,79867.78,4622.43,3,28,3,6
CLM100778,POL11083,CUS22474,Home,Central,PRV-14,77246.46,5357.83,2,5,3,6
CLM104864,POL13517,CUS22316,Motor,East,PRV-19,70134.91,4833.15,2,26,3,6
CLM101596,POL12636,CUS23016,Motor,West,PRV-11,69001.72,4866.72,2,8,3,6
CLM101843,POL13383,CUS21197,Motor,South,PRV-16,63201.42,6206.2,2,9,0,6
CLM104543,POL12449,CUS21390,Health,East,PRV-12,51126.71,2768.95,2,24,2,6
CLM104077,POL12405,CUS20495,Health,South,PRV-03,47286.54,4211.5,2,22,5,6
CLM102034,POL13944,CUS22970,Motor,Central,PRV-16,45740.09,3346.24,3,13,3,6
CLM101725,POL13131,CUS22048,Health,West,PRV-18,43662.4,2238.55,3,15,1,6
CLM103848,POL12961,CUS21239,Home,Central,PRV-18,41266.66,3295.31,2,20,2,6
CLM104958,POL13675,CUS21057,Health,West,PRV-11,39499.69,1802.65,2,14,7,6
CLM104618,POL12532,CUS21420,Health,South,PRV-30,37569.29,2546.64,2,16,3,6
CLM100184,POL11982,CUS22730,Motor,East,PRV-10,35798.46,2866.93,3,27,4,6
CLM103462,POL13469,CUS22415,Health,Central,PRV-01,35610.95,1504.55,2,15,0,6
CLM104539,POL13477,CUS22482,Motor,East,PRV-16,34020.02,2960.36,2,8,4,6
CLM104765,POL10602,CUS22109,Health,South,PRV-05,33824.37,1602.47,2,15,5,6
CLM102862,POL13340,CUS22768,Motor,East,PRV-01,32937.71,3010.2,2,26,1,6
CLM101891,POL10981,CUS21178,Motor,Central,PRV-02,31787.02,1756.71,2,25,6,6
CLM102868,POL13441,CUS22122,Health,West,PRV-01,27279.48,1558.12,2,17,7,6
CLM104935,POL12373,CUS21113,Motor,East,PRV-30,27003.68,1009.07,2,2,0,6
CLM102530,POL13663,CUS21489,Motor,West,PRV-17,20644.98,1297.97,2,11,6,6
CLM101393,POL12969,CUS21942,Motor,North,PRV-27,18793.34,800.0,2,17,4,6
CLM101027,POL11122,CUS22443,Motor,North,PRV-07,15079.66,800.0,2,21,3,6
CLM103826,POL11348,CUS20793,Home,East,PRV-04,395281.72,22666.1,1,8,7,5
CLM101857,POL12336,CUS23235,Motor,Central,PRV-11,315797.66,15141.58,3,161,5,5
CLM101661,POL12443,CUS23304,Home,South,PRV-26,286532.95,29579.75,2,29,4,5
CLM103364,POL10644,CUS23084,Health,East,PRV-23,283901.62,25744.32,1,17,2,5
CLM102567,POL12532,CUS20791,Health,East,PRV-12,264407.61,46571.54,2,18,1,5
CLM103056,POL13208,CUS22106,Health,Central,PRV-27,213832.66,10887.8,2,103,3,5
CLM102521,POL10176,CUS23458,Motor,North,PRV-22,208537.97,8518.18,3,164,6,5
CLM103794,POL13567,CUS21546,Health,South,PRV-10,206606.65,18796.04,1,13,6,5
CLM102854,POL12895,CUS22615,Motor,Central,PRV-14,197729.47,17740.23,1,16,2,5
CLM102557,POL13464,CUS22653,Motor,North,PRV-15,177134.61,12636.31,1,11,6,5
CLM101970,POL13314,CUS20696,Home,Central,PRV-17,175044.74,23478.98,2,5,2,5
CLM103482,POL13182,CUS23436,Home,West,PRV-20,169814.75,9601.75,2,190,0,5
CLM104340,POL10207,CUS22397,Motor,East,PRV-15,167229.18,10740.45,2,71,3,5
CLM103109,POL10943,CUS22898,Health,South,PRV-01,164660.27,7409.35,0,2,1,5
CLM104295,POL13977,CUS20752,Health,South,PRV-01,161813.36,12829.6,2,95,0,5
CLM102316,POL10347,CUS22360,Home,North,,154904.96,7168.95,2,61,5,5
CLM104254,POL11366,CUS23044,Home,East,PRV-18,145130.66,5867.54,2,182,3,5
CLM102781,POL13743,CUS20498,Motor,West,PRV-18,141784.92,10000.74,0,23,3,5
CLM103509,POL11398,CUS22961,Home,South,PRV-26,139733.9,7941.15,3,68,7,5
CLM101039,POL13308,CUS20821,Health,Central,PRV-24,136875.84,12091.89,2,171,8,5
CLM100490,POL13732,CUS21658,Motor,North,PRV-23,136212.52,12119.3,1,26,8,5
CLM104895,POL11617,CUS22740,Home,South,PRV-08,129942.5,18203.55,2,28,10,5
CLM101457,POL11820,CUS22268,Home,South,PRV-13,127058.13,5080.98,1,16,11,5
CLM101658,POL13356,CUS22027,Home,Central,PRV-17,124226.68,7495.55,3,31,9,5
CLM100287,POL12286,CUS23020,Health,East,PRV-24,122557.76,11055.66,2,275,9,5
CLM104391,POL13263,CUS22340,Home,East,PRV-28,115797.44,11269.61,3,94,10,5
CLM102005,POL10516,CUS20002,Health,Central,PRV-20,111687.0,9435.13,2,223,9,5
CLM102041,POL13569,CUS21823,Motor,North,PRV-29,102314.37,8798.78,2,127,8,5
CLM104979,POL12434,CUS20360,Motor,West,PRV-05,101503.71,4515.11,2,140,9,5
CLM101827,POL13938,CUS20190,Home,South,PRV-12,101488.69,7111.62,0,14,9,5
CLM102351,POL13001,CUS23074,Motor,North,PRV-22,101359.12,9678.75,0,19,11,5
CLM103766,POL12714,CUS20759,Home,North,PRV-22,100864.61,4356.73,2,233,10,5
CLM100209,POL13115,CUS20110,Motor,South,PRV-16,98019.97,5778.86,0,29,8,5
CLM104922,POL12219,CUS22455,Health,South,PRV-15,97828.36,4372.75,0,20,8,5
CLM101851,POL11013,CUS21850,Motor,East,PRV-14,96587.38,8284.9,2,40,10,5
CLM103711,POL13995,CUS22420,Motor,West,PRV-28,95439.38,8807.61,0,12,9,5
CLM100860,POL13872,CUS21800,Health,West,PRV-11,93292.61,8279.96,2,66,8,5
CLM100353,POL11740,CUS21652,Health,East,PRV-26,89866.89,7605.67,2,263,8,5
CLM101363,POL10807,CUS20900,Motor,Central,PRV-03,89761.83,5030.58,2,99,8,5
CLM102559,POL12357,CUS23366,Home,West,PRV-20,88787.21,3477.55,2,105,9,5
CLM101214,POL10296,CUS22486,Motor,Central,PRV-22,87781.66,8113.09,2,189,11,5
CLM101252,POL10296,CUS20963,Health,South,PRV-13,87020.58,8049.08,2,174,11,5
CLM102756,POL13536,CUS20502,Motor,East,PRV-03,86631.61,8311.07,1,16,11,5
CLM104748,POL13459,CUS22479,Home,South,PRV-14,86048.12,3394.61,0,15,10,5
CLM104600,POL13952,CUS21983,Health,North,PRV-07,85300.59,8442.89,2,85,8,5
CLM101257,POL12221,CUS22411,Motor,Central,PRV-17,82593.46,5080.91,2,301,8,5
CLM100527,POL10575,CUS21105,Motor,West,PRV-22,82313.36,5757.42,4,137,10,5
CLM100241,POL12336,CUS23071,Motor,East,PRV-05,79530.18,7671.28,2,32,10,5
CLM104562,POL10082,CUS22282,Motor,Central,PRV-16,75314.72,5053.0,2,138,10,5
CLM104496,POL11319,CUS21382,Motor,North,PRV-23,75117.87,3319.58,1,14,9,5
CLM101766,POL12017,CUS22328,Home,South,PRV-09,73493.49,7980.2,2,29,8,5
CLM104661,POL12321,CUS22077,Home,West,PRV-20,72916.79,2886.98,3,203,8,5
CLM102766,POL11477,CUS23076,Home,West,PRV-20,72585.4,4211.82,2,279,9,5
CLM101223,POL12616,CUS20893,Motor,East,PRV-14,71123.93,5830.71,2,292,10,5
CLM101139,POL12158,CUS21569,Health,Central,PRV-16,71101.79,2421.61,2,90,11,5
CLM102167,POL13373,CUS22528,Motor,South,PRV-18,70478.43,4309.44,2,308,10,5
CLM101982,POL10216,CUS23474,Motor,South,PRV-07,68579.18,2254.95,3,167,10,5
CLM104113,POL13912,CUS22694,Health,West,PRV-20,67233.36,8286.4,3,16,11,5
CLM102337,POL13276,CUS21329,Health,South,PRV-29,67206.55,3150.61,2,189,9,5
CLM104119,POL10206,CUS22463,Home,North,PRV-19,66868.17,5482.68,0,19,9,5
CLM102704,POL10275,CUS23282,Health,Central,PRV-20,66787.88,2564.47,3,61,11,5
CLM101029,POL11336,CUS20975,Motor,Central,PRV-08,65244.39,3654.21,0,30,10,5
CLM102286,POL13624,CUS22303,Home,East,PRV-24,64821.89,3855.35,2,215,8,5
CLM100892,POL12090,CUS20438,Health,South,PRV-28,63125.87,3084.27,2,51,10,5
CLM101796,POL13902,CUS20267,Home,North,PRV-19,62141.44,4500.91,2,121,10,5
CLM104047,POL10993,CUS22976,Health,East,PRV-24,59817.7,2190.38,2,156,11,5
CLM102650,POL13522,CUS21286,Home,East,PRV-16,57486.1,3299.31,2,215,9,5
CLM103652,POL11639,CUS21127,Travel,Central,PRV-17,56917.64,2700.59,1,16,8,5
CLM104243,POL10131,CUS23285,Motor,South,PRV-11,56700.6,2971.82,3,224,10,5
CLM104300,POL11106,CUS20702,Home,North,PRV-28,56541.87,4185.55,0,16,9,5
CLM101271,POL10437,CUS22663,Motor,East,PRV-01,56053.26,4499.24,2,61,8,5
CLM100848,POL13279,CUS22113,Motor,Central,PRV-20,54658.32,2024.59,2,63,10,5
CLM103688,POL13867,CUS21880,Motor,North,PRV-26,54376.15,1701.37,2,197,9,5
CLM100971,POL11673,CUS20844,Motor,South,PRV-01,54287.72,4900.73,2,109,11,5
CLM101498,POL11868,CUS21056,Motor,West,PRV-29,54143.9,4605.54,3,33,11,5
CLM100437,POL13710,CUS20042,Motor,East,PRV-24,53444.5,1739.92,2,76,9,5
CLM101887,POL11654,CUS21275,Motor,North,PRV-09,52642.77,3671.98,3,178,9,5
CLM103026,POL10453,CUS21925,Health,East,PRV-17,52389.33,5064.44,4,138,8,5
CLM101895,POL13405,CUS22647,Motor,Central,PRV-12,52348.09,2163.66,0,30,9,5
CLM104717,POL13956,CUS20081,Motor,Central,PRV-06,51716.67,3543.47,2,278,8,5
CLM100753,POL13744,CUS20960,Home,North,PRV-09,51495.35,2790.14,2,32,10,5
CLM100043,POL11418,CUS21971,Health,West,PRV-05,50681.53,4640.1,2,160,10,5
CLM101804,POL10511,CUS21541,Home,South,PRV-22,50178.53,5208.13,2,25,10,5
CLM100222,POL12816,CUS23224,Motor,North,PRV-14,50162.05,3974.19,1,20,10,5
CLM100062,POL11466,CUS22157,Motor,West,PRV-03,49552.28,3326.81,1,12,11,5
CLM104830,POL11393,CUS20227,Home,Central,PRV-17,48966.07,2498.68,1,11,9,5
CLM104217,POL11366,CUS20372,Travel,West,PRV-06,48931.22,4280.15,2,74,9,5
CLM104924,POL11324,CUS20224,Motor,Central,PRV-09,48853.63,1666.47,0,19,8,5
CLM102176,POL10420,CUS22610,Motor,North,PRV-10,48574.11,3774.14,3,195,9,5
CLM101358,POL10412,CUS20130,Health,North,PRV-20,48528.63,4446.0,1,21,10,5
CLM104135,POL13884,CUS20130,Health,Central,PRV-15,48501.33,1736.21,2,62,10,5
CLM101158,POL11536,CUS22706,Motor,South,PRV-20,46309.16,3457.01,2,264,9,5
CLM104919,POL12109,CUS22501,Home,East,PRV-13,46031.33,4038.84,2,271,11,5
CLM104849,POL13601,CUS21660,Motor,West,PRV-11,45904.76,3412.61,1,20,9,5
CLM101270,POL11475,CUS21771,Health,North,PRV-06,45656.55,3644.25,3,205,8,5
CLM104465,POL10376,CUS21201,Motor,East,PRV-10,45406.58,1550.32,2,105,10,5
CLM103066,POL13317,CUS20739,Motor,South,PRV-06,44784.9,2724.87,2,112,10,5
CLM103117,POL12571,CUS21382,Motor,South,PRV-03,44657.48,2520.74,2,110,8,5
CLM104310,POL12077,CUS22770,Motor,South,PRV-27,44487.33,1346.95,2,207,8,5
CLM100767,POL11917,CUS21151,Health,Central,PRV-01,44089.24,1506.28,0,11,10,5
CLM102060,POL13577,CUS21696,Motor,West,PRV-26,43780.64,3862.99,0,15,8,5
CLM103254,POL10946,CUS22819,Health,Central,PRV-24,43716.21,3527.76,2,303,11,5
CLM102762,POL11457,CUS21830,Motor,North,PRV-24,42944.0,2835.32,0,19,8,5
CLM100278,POL10259,CUS21322,Motor,Central,PRV-10,42440.71,2869.76,0,26,9,5
CLM100737,POL11334,CUS23257,Health,North,PRV-04,41572.73,2326.4,4,216,11,5
CLM104158,POL10799,CUS22066,Motor,North,PRV-20,41555.13,2675.31,2,239,8,5
CLM102543,POL11522,CUS23364,Travel,West,PRV-14,40738.95,1544.64,3,141,11,5
CLM100827,POL13588,CUS22357,Motor,North,PRV-12,39455.92,1481.6,3,308,11,5
CLM103802,POL13220,CUS22725,Motor,South,PRV-27,39180.09,1756.45,0,29,9,5
CLM103286,POL10524,CUS20184,Health,East,PRV-28,39048.39,2575.9,1,28,10,5
CLM101875,POL10482,CUS21128,Health,South,PRV-26,38829.89,3754.88,2,285,11,5
CLM102753,POL12606,CUS20006,Home,Central,PRV-30,38697.73,3716.12,1,28,11,5
CLM104961,POL12020,CUS23187,Health,Central,PRV-17,37389.35,2270.21,2,64,10,5
CLM104327,POL11700,CUS20290,Motor,South,PRV-17,37175.5,2473.11,3,145,8,5
CLM101488,POL10444,CUS20462,Motor,Central,PRV-02,36963.21,3512.83,4,202,10,5
CLM100689,POL13130,CUS20732,Home,West,PRV-14,36747.65,3075.19,2,235,10,5
CLM102911,POL10362,CUS22076,Motor,East,PRV-09,36707.6,2574.59,2,244,10,5
CLM102239,POL13539,CUS23374,Home,South,PRV-06,36257.78,1866.72,2,252,9,5
CLM100791,POL11817,CUS20309,Health,North,PRV-17,36184.25,2048.84,2,294,11,5
CLM102254,POL11180,CUS20725,Health,East,PRV-08,35882.95,3316.31,2,277,11,5
CLM104561,POL11680,CUS21080,Motor,East,PRV-10,35084.55,1762.03,2,263,9,5
CLM100140,POL13930,CUS21320,Health,South,PRV-07,34523.78,1552.32,4,289,9,5
CLM101559,POL13421,CUS20368,Motor,North,PRV-29,33930.82,2611.76,3,88,9,5
CLM101876,POL10931,CUS21541,Motor,Central,PRV-08,33454.18,3850.59,2,21,9,5
CLM104189,POL13600,CUS20739,Health,North,PRV-20,33435.05,1272.41,2,175,9,5
CLM102379,POL12614,CUS21334,Motor,West,PRV-10,33420.66,2827.77,0,24,9,5
CLM100702,POL10670,CUS20970,Motor,West,PRV-10,33373.72,1443.16,0,16,10,5
CLM101682,POL10140,CUS22596,Health,North,PRV-08,32934.23,2235.94,1,18,8,5
CLM101288,POL10407,CUS20949,Motor,North,PRV-21,32790.23,2582.81,2,173,10,5
CLM100162,POL11636,CUS21004,Motor,Central,PRV-12,32707.99,4419.06,4,12,10,5
CLM103956,POL12084,CUS22262,Health,South,PRV-29,31912.81,4510.1,2,15,10,5
CLM102534,POL13205,CUS20778,Motor,South,PRV-23,31749.18,2131.2,0,30,8,5
CLM103375,POL12021,CUS20468,Health,West,PRV-14,31585.29,2160.52,2,243,8,5
CLM101332,POL11699,CUS20810,Health,North,PRV-17,31342.89,1668.1,3,185,11,5
CLM103460,POL11665,CUS22607,Travel,North,PRV-08,30054.04,920.27,2,309,11,5
CLM101403,POL11289,CUS23229,Health,North,PRV-26,29402.06,2131.48,2,103,11,5
CLM102355,POL11471,CUS22000,Health,South,PRV-01,29292.1,1501.62,2,56,9,5
CLM104010,POL11412,CUS21606,Health,North,PRV-07,28986.98,4035.16,2,30,11,5
CLM101823,POL13506,CUS20468,Motor,North,PRV-25,28866.69,1176.31,3,195,8,5
CLM103377,POL12330,CUS20243,Home,North,PRV-13,28719.7,2496.59,2,204,11,5
CLM103747,POL13940,CUS20579,Home,East,PRV-10,28600.84,2352.94,2,214,9,5
CLM101828,POL12455,CUS21655,Health,Central,PRV-14,28282.37,1179.71,2,181,9,5
CLM100726,POL12884,CUS21832,Health,South,PRV-29,28248.79,1251.2,0,29,10,5
CLM103057,POL10589,CUS21680,Motor,South,PRV-30,27213.39,1311.18,0,13,9,5
CLM100135,POL11215,CUS20349,Health,Central,PRV-09,27039.66,2396.98,2,158,8,5
CLM100962,POL13360,CUS22903,Health,West,PRV-01,26987.61,1970.86,2,144,8,5
CLM102479,POL10538,CUS21544,Travel,East,PRV-25,26977.97,2414.77,0,30,11,5
CLM103631,POL12183,CUS22168,Health,South,PRV-21,25773.32,1783.24,2,56,10,5
CLM104138,POL13523,CUS23226,Motor,Central,PRV-06,25679.99,1163.1,2,186,8,5
CLM103720,POL12555,CUS22485,Home,North,PRV-03,25508.15,2060.16,2,211,10,5
CLM101366,POL11207,CUS22891,Health,Central,PRV-25,25369.43,3309.6,3,15,11,5
CLM104531,POL10506,CUS20953,Health,East,PRV-22,25278.98,800.0,2,278,10,5
CLM100925,POL13784,CUS20352,Motor,East,PRV-27,25251.26,1981.5,2,127,8,5
CLM100391,POL10717,CUS20580,Health,Central,PRV-06,24771.78,1957.67,2,283,8,5
CLM100845,POL10021,CUS20563,Home,North,PRV-04,23847.09,1874.21,2,287,9,5
CLM103840,POL13484,CUS21006,Motor,South,PRV-06,23711.96,1162.64,2,116,9,5
CLM101621,POL10016,CUS23266,Motor,West,PRV-12,22921.55,2162.5,2,91,8,5
CLM102269,POL13906,CUS22061,Motor,South,PRV-05,22864.7,2082.36,3,273,9,5
CLM101166,POL10087,CUS21058,Health,South,PRV-10,22753.88,2147.88,2,189,8,5
CLM104617,POL12392,CUS21526,Motor,South,PRV-26,22591.9,2016.98,3,49,11,5
CLM101716,POL12583,CUS21974,Home,Central,PRV-18,22583.72,1311.86,2,251,8,5
CLM102660,POL11738,CUS22148,Health,Central,PRV-10,22265.71,800.0,2,256,10,5
CLM103062,POL11529,CUS20630,Health,South,PRV-22,22235.15,1404.68,2,128,10,5
CLM100904,POL11835,CUS20657,Health,West,PRV-30,21600.65,1506.02,2,306,9,5
CLM103277,POL10983,CUS22482,Home,Central,PRV-06,21033.27,1335.44,1,26,10,5
CLM100952,POL12458,CUS20679,Health,North,PRV-21,20926.35,1826.83,3,131,11,5
CLM100250,POL10717,CUS20522,Health,West,PRV-16,20480.06,800.0,2,35,10,5
CLM100280,POL11103,CUS22496,Travel,Central,PRV-21,20368.73,1122.48,2,214,11,5
CLM102004,POL13191,CUS21347,Home,South,PRV-06,20368.2,1643.81,2,221,10,5
CLM101997,POL13973,CUS21372,Health,North,PRV-05,20315.48,1594.71,4,281,9,5
CLM100290,POL13230,CUS22899,Motor,West,PRV-25,20285.26,1051.81,2,208,10,5
CLM103408,POL12637,CUS20100,Home,East,PRV-13,20038.76,1930.13,4,235,10,5
CLM104890,POL13352,CUS21940,Health,Central,PRV-04,19937.11,1912.25,2,205,11,5
CLM102808,POL13165,CUS20366,Travel,Central,PRV-09,19873.56,893.72,0,17,11,5
CLM100936,POL10631,CUS20556,Motor,West,PRV-27,19794.69,1356.51,2,97,11,5
CLM100601,POL13115,CUS23493,Motor,West,PRV-24,19681.89,1068.1,2,185,11,5
CLM102758,POL11439,CUS22856,Motor,East,PRV-11,19656.22,1454.19,2,233,10,5
CLM102018,POL12878,CUS21624,Motor,East,PRV-05,19652.43,1082.47,3,232,11,5
CLM100447,POL13822,CUS21436,Motor,South,PRV-22,19604.18,1613.1,2,101,10,5
CLM100991,POL12196,CUS21655,Health,Central,PRV-18,19329.2,1112.38,2,35,10,5
CLM102690,POL12917,CUS23112,Motor,Central,PRV-06,18609.22,800.0,2,124,8,5
CLM100607,POL12056,CUS22085,Health,North,PRV-24,18332.3,1543.43,2,232,11,5
CLM100725,POL10468,CUS21112,Home,East,PRV-28,18266.17,1450.12,0,13,10,5
CLM103954,POL12372,CUS23146,Health,Central,PRV-23,17339.38,800.0,2,89,9,5
CLM104338,POL12961,CUS22426,Health,West,PRV-27,17273.95,901.03,3,190,8,5
CLM100921,POL12289,CUS22790,Motor,Central,PRV-05,17260.52,890.49,4,161,9,5
CLM100363,POL13573,CUS22987,Travel,South,PRV-27,16987.09,1116.19,2,135,8,5
CLM100463,POL11676,CUS21045,Home,South,PRV-15,16941.37,1468.99,2,33,9,5
CLM102600,POL13453,CUS20460,Travel,West,PRV-20,16030.81,2220.31,3,16,8,5
CLM100426,POL13457,CUS22895,Travel,East,PRV-25,15726.86,1295.11,3,250,8,5
CLM104774,POL11078,CUS20378,Home,West,PRV-29,15336.48,1308.69,3,237,9,5
CLM101331,POL12870,CUS22417,Travel,South,PRV-28,14853.54,924.06,0,15,10,5
CLM103413,POL10375,CUS20665,Motor,North,PRV-29,14699.54,1214.65,0,9,8,5
CLM102200,POL11463,CUS22384,Motor,South,PRV-12,14643.08,1058.38,2,130,9,5
CLM100327,POL10149,CUS20860,Travel,North,PRV-18,14119.37,1350.02,3,230,9,5
CLM102059,POL11612,CUS21695,Health,Central,PRV-15,13388.8,800.0,1,18,8,5
CLM102560,POL12309,CUS22312,Travel,South,PRV-12,13242.36,1320.85,2,146,8,5
CLM102677,POL13512,CUS22782,Travel,North,PRV-21,12568.37,800.0,1,25,9,5
CLM100683,POL13835,CUS21515,Health,Central,PRV-22,12554.79,1106.21,2,131,9,5
CLM100128,POL12298,CUS22369,Travel,West,PRV-10,12354.14,800.0,0,24,8,5
CLM103165,POL11606,CUS22552,Health,West,PRV-27,12162.18,1215.95,3,230,11,5
CLM104985,POL10203,CUS22463,Travel,North,PRV-06,12104.83,800.0,2,209,9,5
CLM102680,POL10469,CUS21249,Travel,North,PRV-24,12030.01,1018.39,0,14,11,5
CLM100973,POL11896,CUS20212,Travel,East,PRV-12,12000.86,2141.78,3,20,11,5
CLM102631,POL12721,CUS21365,Health,West,PRV-03,11740.98,981.3,2,280,8,5
CLM103456,POL13001,CUS23372,Travel,North,PRV-18,11553.57,825.32,2,186,11,5
CLM101944,POL11520,CUS22777,Health,South,PRV-02,11043.76,810.79,2,95,10,5
CLM101622,POL13696,CUS22820,Motor,North,PRV-20,9843.73,800.0,3,66,11,5
CLM100682,POL13839,CUS21332,Motor,North,PRV-12,9156.81,800.0,1,26,10,5
CLM101353,POL13661,CUS23034,Health,North,PRV-02,9105.67,800.0,1,22,10,5
CLM100117,POL10559,CUS21623,Home,South,PRV-07,9069.84,1486.85,2,9,8,5
CLM102906,POL12499,CUS22628,Health,West,PRV-30,9062.19,800.0,2,225,9,5
